{
    "PC1_explained_variance": 0.5558148650770909,
    "PC2_explained_variance": 0.06710534590167984,
    "Total_2D_explained_variance": 0.6229202109787707
}