{
    "0": {
        "precision": 0.0,
        "recall": 0.0,
        "f1-score": 0.0,
        "support": 0.0
    },
    "1": {
        "precision": 1.0,
        "recall": 0.29999450760696433,
        "f1-score": 0.46153196163758503,
        "support": 54621.0
    },
    "accuracy": 0.29999450760696433,
    "macro avg": {
        "precision": 0.5,
        "recall": 0.14999725380348217,
        "f1-score": 0.23076598081879252,
        "support": 54621.0
    },
    "weighted avg": {
        "precision": 1.0,
        "recall": 0.29999450760696433,
        "f1-score": 0.46153196163758503,
        "support": 54621.0
    }
}