{
    "0": {
        "precision": 0.9559492458702418,
        "recall": 0.9559492458702418,
        "f1-score": 0.9559492458702418,
        "support": 87717.0
    },
    "1": {
        "precision": 0.6854188716111699,
        "recall": 0.6854188716111699,
        "f1-score": 0.6854188716111699,
        "support": 12283.0
    },
    "accuracy": 0.92272,
    "macro avg": {
        "precision": 0.8206840587407058,
        "recall": 0.8206840587407058,
        "f1-score": 0.8206840587407058,
        "support": 100000.0
    },
    "weighted avg": {
        "precision": 0.92272,
        "recall": 0.92272,
        "f1-score": 0.92272,
        "support": 100000.0
    }
}