{
    "PC1_explained_variance": 0.40775712571014283,
    "PC2_explained_variance": 0.10964899615121985,
    "Total_2D_explained_variance": 0.5174061218613627
}