{
    "0": {
        "precision": 1.0,
        "recall": 0.999,
        "f1-score": 0.9994997498749375,
        "support": 100000.0
    },
    "1": {
        "precision": 0.0,
        "recall": 0.0,
        "f1-score": 0.0,
        "support": 0.0
    },
    "accuracy": 0.999,
    "macro avg": {
        "precision": 0.5,
        "recall": 0.4995,
        "f1-score": 0.49974987493746875,
        "support": 100000.0
    },
    "weighted avg": {
        "precision": 1.0,
        "recall": 0.999,
        "f1-score": 0.9994997498749375,
        "support": 100000.0
    }
}