{
    "PC1_explained_variance": 0.19234634217473837,
    "PC2_explained_variance": 0.16717548016597467,
    "Total_2D_explained_variance": 0.35952182234071306
}